Date,Stock,Open,High,Low,Close,Volume,Volatility,Sentiment,Return,Daily_Return,Log_Return,Rolling_Mean,Rolling_Std,Target_Return,Signal
2024-01-01,ALP,106.18,108.63,104.91,107.24,1300639,0.0232,-0.334,0.0099,-0.009138381201044266,-0.009180392344961251,,,-0.009138381201044266,Sell
2024-01-02,ALP,107.24,108.61,105.97,106.26,1016353,0.0147,-0.174,-0.0091,-0.009138381201044266,-0.009180392344961251,,,-0.006399397703745646,Hold
2024-01-03,ALP,106.26,106.66,105.83,105.58,960110,0.005,0.245,-0.0064,-0.006399397703745646,-0.0064199616273271165,,,0.00407274104944122,Hold
2024-01-04,ALP,105.58,107.04,103.04,106.01,1904646,0.026,-0.189,0.0041,0.00407274104944122,0.00406446988953617,,,-0.006225827752099011,Hold
2024-01-05,ALP,106.01,108.53,104.18,105.35,1370106,0.0295,-0.18,-0.0062,-0.006225827752099011,-0.006245289034808419,,,0.004081632653061273,Hold
2024-01-08,ALP,105.35,107.37,103.84,105.78,1144404,0.0199,-0.16,0.0041,0.004081632653061273,0.004073325387635869,,,0.010966156173189523,Hold
2024-01-09,ALP,105.78,109.65,103.88,106.94,1377056,0.0319,0.833,0.011,0.010966156173189523,0.010906463882751532,,,-0.005517112399476387,Buy
2024-01-10,ALP,106.94,107.34,106.57,106.35,1212477,0.005,-0.303,-0.0055,-0.005517112399476387,-0.005532387874339355,,,0.008744710860366878,Sell
2024-01-11,ALP,106.35,108.65,103.99,107.28,1354717,0.0213,-0.339,0.0087,0.008744710860366878,0.008706697327177049,,,0.01137211036539898,Sell
2024-01-12,ALP,107.28,108.08,106.22,108.5,794501,0.0138,-0.062,0.0114,0.01137211036539898,0.01130793400709118,106.529,0.9631366581239773,0.004147465437787989,Hold
2024-01-15,ALP,108.5,109.49,107.8,108.95,1295533,0.011,0.354,0.0042,0.004147465437787989,0.004138888410114611,106.7,1.2207465839486196,0.004497475906378945,Buy
2024-01-16,ALP,108.95,111.53,106.31,109.44,1662258,0.028,0.292,0.0045,0.004497475906378945,0.004487392483611322,107.018,1.4800435429030088,0.010690789473684292,Hold
2024-01-17,ALP,109.44,111.25,107.03,110.61,855140,0.0194,-0.12,0.0107,0.010690789473684292,0.010634047039922585,107.521,1.764441680658345,0.007594250067805897,Hold
2024-01-18,ALP,110.61,110.92,110.21,111.45,884672,0.005,-0.16,0.0076,0.007594250067805897,0.007565558917715118,108.06499999999998,2.06057839776441,0.003947958725885936,Hold
2024-01-19,ALP,111.45,113.67,107.49,111.89,1383482,0.0316,0.15,0.0039,0.003947958725885936,0.003940185987751825,108.71900000000001,2.139472676463373,0.008043614264009236,Hold
2024-01-22,ALP,111.89,113.29,110.28,112.79,1142240,0.0218,0.412,0.0081,0.008043614264009236,0.008011436832195592,109.42,2.2165388434323607,0.004698998138132682,Buy
2024-01-23,ALP,112.79,114.05,111.66,113.32,549066,0.0171,0.382,0.0047,0.004698998138132682,0.004687992310490222,110.05799999999999,2.33824625639721,-0.019414048711613008,Buy
2024-01-24,ALP,113.32,115.38,111.75,111.12,1234265,0.0183,0.136,-0.0195,-0.019414048711613008,-0.019604976516227352,110.535,1.9524870180248453,-0.009449244060475315,Hold
2024-01-25,ALP,111.12,111.41,110.6,110.07,824768,0.005,-0.006,-0.0094,-0.009449244060475315,-0.00949417141078811,110.81400000000001,1.6039063425136608,-0.002452984464431651,Hold
2024-01-26,ALP,110.07,111.54,108.74,109.8,1315092,0.02,-0.198,-0.0025,-0.002452984464431651,-0.0024559979598700386,110.944,1.439800912163435,-0.010837887067395191,Hold
2024-01-29,ALP,109.8,112.06,108.34,108.61,1383299,0.0199,0.102,-0.0108,-0.010837887067395191,-0.0108970447834855,110.91,1.495073390989365,0.013902955528956928,Hold
2024-01-30,ALP,108.61,111.83,106.54,110.12,1714547,0.0338,-0.241,0.0139,0.013902955528956928,0.013807195982461992,110.978,1.4350439404809534,0.008990192517253748,Hold
2024-01-31,ALP,110.12,111.77,107.36,111.11,1733410,0.0292,-0.148,0.0089,0.008990192517253748,0.008950021321510616,111.02799999999999,1.4294971921001494,-0.008280082800828037,Hold
2024-02-01,ALP,111.11,111.77,110.11,110.19,1193315,0.0078,0.195,-0.0083,-0.008280082800828037,-0.008314553096231731,110.902,1.4436281454107966,0.005808149559851206,Hold
2024-02-02,ALP,110.19,111.37,108.88,110.83,1032147,0.0111,-0.116,0.0058,0.005808149559851206,0.0057913472878760855,110.796,1.4013184268157366,-0.0007218262203374515,Hold
2024-02-05,ALP,110.83,116.51,105.15,110.75,1359559,0.0454,0.409,-0.0007,-0.0007218262203374515,-0.0007220868623166588,110.59200000000001,1.2148689915652073,-0.009029345372460473,Buy
2024-02-06,ALP,110.75,114.74,106.79,109.75,1661872,0.0319,-0.432,-0.009,-0.009029345372460473,-0.009070356969964265,110.23499999999999,0.7656261054413872,0.00938496583143511,Sell
2024-02-07,ALP,109.75,111.54,107.73,110.78,1381524,0.0322,0.185,0.0093,0.00938496583143511,0.009341200649677141,110.201,0.7286128372919868,0.013811157248600825,Hold
2024-02-08,ALP,110.78,111.35,109.91,112.31,1304619,0.0078,0.052,0.0139,0.013811157248600825,0.013716652369986884,110.425,0.9835790653413578,0.01273261508325163,Hold
2024-02-09,ALP,112.31,113.38,111.37,113.74,1254343,0.0087,-0.225,0.0127,0.01273261508325163,0.012652236903708803,110.819,1.4044805287206852,-0.007736943907156624,Hold
2024-02-12,ALP,113.74,115.38,110.86,112.86,881820,0.0215,-0.26,-0.0077,-0.007736943907156624,-0.007767029337659547,111.244,1.300975702224197,0.006379585326953707,Hold
2024-02-13,ALP,112.86,114.55,111.07,113.58,1460496,0.0176,0.264,0.0064,0.006379585326953707,0.0063593219082924216,111.58999999999999,1.4231889075827637,0.009508716323296307,Hold
2024-02-14,ALP,113.58,114.74,111.46,114.66,966088,0.0197,-0.422,0.0094,0.009508716323296307,0.009463793030950142,111.94500000000001,1.7050073313625176,0.008198151055293978,Sell
2024-02-15,ALP,114.66,117.07,111.21,115.6,1158743,0.0274,-0.037,0.0082,0.008198151055293978,0.008164728758040491,112.48599999999999,1.929756461318345,0.0008650519031143666,Hold
2024-02-16,ALP,115.6,117.29,114.05,115.7,1311844,0.0149,-0.278,0.0009,0.0008650519031143666,0.0008646779613539746,112.973,2.0744854783776834,0.0011235955056179137,Hold
2024-02-19,ALP,115.7,117.1,114.33,115.83,1355780,0.0119,0.069,0.0012,0.0011235955056179137,0.0011229647446237235,113.481,2.0915568364258887,-0.006129672796339358,Hold
2024-02-20,ALP,115.83,120.01,111.49,115.12,1580447,0.0338,-0.288,-0.0061,-0.006129672796339358,-0.006148536365142195,114.01799999999999,1.675103976872242,0.0006080611535788094,Hold
2024-02-21,ALP,115.12,118.28,111.84,115.19,1657221,0.0287,0.007,0.0006,0.0006080611535788094,0.0006078763593025828,114.45899999999999,1.2560029193171487,-0.014410973174754704,Hold
2024-02-22,ALP,115.19,116.61,112.92,113.53,936941,0.0218,0.07,-0.0144,-0.014410973174754704,-0.014515819761972694,114.58099999999999,1.0694697543901936,0.00405179247775922,Hold
2024-02-23,ALP,113.53,115.05,112.67,113.99,736419,0.0147,-0.012,0.004,0.00405179247775922,0.004043606072244954,114.606,1.05037770984213,0.0013159049039390691,Hold
2024-02-26,ALP,113.99,115.23,112.22,114.14,1530560,0.0167,-0.268,0.0012,0.0013159049039390691,0.0013150398598749551,114.734,0.8777774964837041,0.010162957771158165,Hold
2024-02-27,ALP,114.14,119.33,110.36,115.3,1761833,0.0384,0.717,0.0102,0.010162957771158165,0.010111662166451254,114.90599999999999,0.790726810528615,-0.015524718126626147,Buy
2024-02-28,ALP,115.3,116.18,114.48,113.51,1036051,0.0137,0.314,-0.0156,-0.015524718126626147,-0.015646488507765274,114.79100000000001,0.9057403356124865,-0.0031715267377323553,Buy
2024-02-29,ALP,113.51,116.31,109.83,113.15,1274805,0.0366,-0.232,-0.0031,-0.0031715267377323553,-0.0031765666877016357,114.546,0.9900303025664718,0.017587273530711434,Hold
2024-03-01,ALP,113.15,116.58,110.22,115.14,1426748,0.0327,0.284,0.0176,0.017587273530711434,0.01743440716811715,114.48999999999998,0.9316174703766398,0.01875977071391355,Hold
2024-03-04,ALP,115.14,115.61,114.44,117.3,1021110,0.0072,-0.219,0.0188,0.01875977071391355,0.018585976411766285,114.63699999999999,1.2335860101526368,-0.013213981244671769,Hold
2024-03-05,ALP,117.3,119.37,115.2,115.75,714891,0.0189,-0.388,-0.0133,-0.013213981244671769,-0.01330206269308631,114.7,1.276340254181581,0.023844492440604714,Sell
2024-03-06,ALP,115.75,117.7,114.04,118.51,1166930,0.0153,-0.039,0.0239,0.023844492440604714,0.02356465223401376,115.03200000000001,1.7586345713522813,0.0016876212977807725,Hold
2024-03-07,ALP,118.51,120.72,116.63,118.71,1362196,0.0206,-0.061,0.0016,0.0016876212977807725,0.0016861988650853552,115.55,2.0117322552135337,0.0008423890152473579,Hold
2024-03-08,ALP,118.71,122.47,112.98,118.81,1604978,0.0411,-0.185,0.0008,0.0008423890152473579,0.000842034404753536,116.03200000000001,2.167803804160607,-0.004460903964312757,Hold
2024-03-11,ALP,118.81,120.16,116.0,118.28,1436831,0.0221,-0.146,-0.0044,-0.004460903964312757,-0.004470883485919553,116.446,2.161641351689313,0.014626310449780133,Hold
2024-03-12,ALP,118.28,120.45,116.31,120.01,1386165,0.0164,-0.187,0.0147,0.014626310449780133,0.014520377659073477,116.917,2.385712332477074,-0.00699941671527371,Hold
2024-03-13,ALP,120.01,123.69,115.89,119.17,1429767,0.0288,-0.189,-0.007,-0.00699941671527371,-0.007024027540635174,117.48299999999999,2.1470757891710104,0.011076613241587596,Hold
2024-03-14,ALP,119.17,120.24,118.15,120.49,933670,0.0078,-0.536,0.011,0.011076613241587596,0.011015716832470207,118.21699999999998,1.7116921452176685,0.0040667275292556315,Sell
2024-03-15,ALP,120.49,122.62,118.89,120.98,1061734,0.0156,0.466,0.004,0.0040667275292556315,0.004058480743583213,118.801,1.5320534513448374,0.008679120515787675,Buy
2024-03-18,ALP,120.98,122.79,116.93,122.03,1232959,0.0295,-0.157,0.0087,0.008679120515787675,0.008641673464979911,119.27400000000003,1.7340011534021056,0.011062853396705652,Hold
2024-03-19,ALP,122.03,123.41,120.84,123.38,1574198,0.0139,-0.081,0.011,0.011062853396705652,0.011002107637744354,120.037,1.6891750123128244,0.007861890095639534,Hold
2024-03-20,ALP,123.38,124.42,122.82,124.35,1246851,0.008,0.361,0.0079,0.007861890095639534,0.007831146467921137,120.62099999999998,2.069339400764251,0.017772416566143923,Buy
2024-03-21,ALP,124.35,127.13,122.5,126.56,697882,0.0199,-0.21,0.0178,0.017772416566143923,0.017616333769930045,121.40600000000002,2.666604999286921,0.00292351453855888,Hold
2024-03-22,ALP,126.56,131.13,122.33,126.93,1220027,0.0336,0.184,0.0029,0.00292351453855888,0.0029192493807421492,122.21799999999999,3.003312245578906,0.014811313322303565,Hold
2024-03-25,ALP,126.93,128.01,124.91,128.81,999189,0.0152,0.346,0.0148,0.014811313322303565,0.014702697007910654,123.271,3.300462762165962,-0.000776337240897429,Buy
2024-03-26,ALP,128.81,132.61,126.33,128.71,1274952,0.0357,-0.611,-0.0008,-0.000776337240897429,-0.0007766387467101245,124.14099999999999,3.486754141668745,0.002097739103410712,Sell
2024-03-27,ALP,128.71,131.43,126.21,128.98,1402926,0.0277,0.381,0.0022,0.002097739103410712,0.0020955419209448887,125.12199999999999,3.3082146914074517,0.010156613428438543,Buy
2024-03-28,ALP,128.98,132.77,127.24,130.29,1263121,0.0246,-0.103,0.0101,0.010156613428438543,0.010105381632608901,126.102,3.234318750181773,0.004835367257655987,Hold
2024-03-29,ALP,130.29,132.93,128.1,130.92,1754091,0.0205,0.142,0.0048,0.004835367257655987,0.004823714418139552,127.096,3.004538049166369,0.010999083409716004,Hold
2024-04-01,ALP,130.92,135.59,127.45,132.36,1350955,0.0382,0.36,0.011,0.010999083409716004,0.010939033420431798,128.129,2.8405729077853255,-0.017679057116953834,Buy
2024-04-02,ALP,132.36,132.83,131.35,130.02,1284333,0.0064,-0.047,-0.0177,-0.017679057116953834,-0.017837198277088802,128.793,2.338888862496593,0.009075526842024173,Hold
2024-04-03,ALP,130.02,131.9,126.52,131.2,1377513,0.0236,-0.574,0.0091,0.009075526842024173,0.009034591733665854,129.478,1.8437510075325247,-0.0003810975609754852,Sell
2024-04-04,ALP,131.2,136.24,128.77,131.15,1536404,0.0348,0.223,-0.0004,-0.0003810975609754852,-0.00038117019710586354,129.93699999999998,1.5905558078159854,-0.010522302706824194,Hold
2024-04-05,ALP,131.15,132.87,128.49,129.77,1241024,0.0172,-0.022,-0.0105,-0.010522302706824194,-0.010578053563743469,130.221,1.1994484843735589,-0.008399475995992889,Hold
2024-04-08,ALP,129.77,131.81,128.17,128.68,625658,0.0228,0.083,-0.0083,-0.008399475995992889,-0.008434950378313535,130.208,1.217016388093541,0.0038078955548646043,Hold
2024-04-09,ALP,128.68,132.12,125.44,129.17,1603299,0.023,0.078,0.0038,0.0038078955548646043,0.0038006638730983798,130.254,1.1615334691688222,0.0056514670589147276,Hold
2024-04-10,ALP,129.17,129.8,128.57,129.9,762596,0.005,-0.094,0.0057,0.0056514670589147276,0.0056355574326298185,130.346,1.083207172140733,0.020477290223248623,Hold
2024-04-11,ALP,129.9,132.19,128.0,132.56,1226300,0.017,-0.248,0.0205,0.020477290223248623,0.020270449441753588,130.573,1.2885569016881713,0.002263126131563098,Hold
2024-04-12,ALP,132.56,135.83,130.08,132.86,1585381,0.0315,0.051,0.0023,0.002263126131563098,0.0022605691187876716,130.767,1.478625863578668,-0.0020322143609815546,Hold
2024-04-15,ALP,132.86,134.81,130.01,132.59,1176093,0.0288,0.447,-0.002,-0.0020322143609815546,-0.0020342821104677813,130.79,1.5076619131767428,-0.0018855117278829825,Buy
2024-04-16,ALP,132.59,135.99,128.67,132.34,1582684,0.0344,-0.519,-0.0019,-0.0018855117278829825,-0.0018872915427140156,131.022,1.5538039344350862,0.0034758954208855553,Sell
2024-04-17,ALP,132.34,137.48,129.68,132.8,1595212,0.0333,-0.146,0.0035,0.0034758954208855553,0.0034698684584200147,131.182,1.6533588707702946,-0.01611445783132537,Hold
2024-04-18,ALP,132.8,137.21,129.67,130.66,1207626,0.028,-0.004,-0.0162,-0.01611445783132537,-0.01624570762972926,131.133,1.6616527916503123,0.0003826725853359747,Hold
2024-04-19,ALP,130.66,131.09,130.23,130.71,1029924,0.0056,0.337,0.0004,0.0003826725853359747,0.00038259938485614,131.227,1.6014788304700465,-0.003060209624359267,Buy
2024-04-22,ALP,130.71,133.42,127.57,130.31,1435425,0.0249,-0.33,-0.0031,-0.003060209624359267,-0.0030649016406458225,131.39000000000001,1.381247423325629,-0.005371805694113996,Sell
2024-04-23,ALP,130.31,131.43,129.15,129.61,964471,0.0152,-0.134,-0.0054,-0.005371805694113996,-0.005386285721530874,131.434,1.307722362650806,-0.02314636216341337,Hold
2024-04-24,ALP,129.61,131.92,128.38,126.61,1194420,0.0181,-0.43,-0.0232,-0.02314636216341337,-0.02341844590312193,131.10500000000002,1.9784014310097713,-0.0053708237895899735,Sell
2024-04-25,ALP,126.61,130.76,124.06,125.93,1545299,0.032,0.154,-0.0054,-0.0053708237895899735,-0.005385298514406673,130.442,2.4831556983446696,-0.0029381402366394083,Hold
2024-04-26,ALP,125.93,126.66,125.12,125.56,1588677,0.0077,-0.164,-0.0029,-0.0029381402366394083,-0.0029424650440022424,129.71200000000002,2.751822830214251,0.010672188595094001,Hold
2024-04-29,ALP,125.56,126.66,124.83,126.9,1107509,0.0101,0.255,0.0107,0.010672188595094001,0.010615642746589195,129.143,2.6778849448356343,-0.007643814026792706,Hold
2024-04-30,ALP,126.9,127.38,126.57,125.93,879793,0.005,0.457,-0.0076,-0.007643814026792706,-0.007673177702586891,128.502,2.5934395865122015,-0.00365282299690306,Buy
2024-05-01,ALP,125.93,127.83,124.38,125.47,959108,0.0135,-0.318,-0.0036,-0.00365282299690306,-0.0036595108461467017,127.769,2.2578428741708945,0.0011158045747987622,Sell
2024-05-02,ALP,125.47,128.39,122.44,125.61,1044184,0.0265,0.317,0.0011,0.0011158045747987622,0.0011151825275532994,127.26399999999998,2.0985137597833297,-0.006448531167900673,Buy
2024-05-03,ALP,125.61,129.0,121.33,124.8,1252788,0.0358,-0.132,-0.0064,-0.006448531167900673,-0.00646941276383439,126.673,1.8359802104961376,0.0006410256410256387,Hold
2024-05-06,ALP,124.8,127.24,122.7,124.88,1301295,0.0294,-0.574,0.0006,0.0006410256410256387,0.0006408202718493312,126.13,1.389484316812147,-0.003923766816143481,Sell
2024-05-07,ALP,124.88,126.08,123.81,124.39,1050523,0.0137,-0.137,-0.0039,-0.003923766816143481,-0.003931484985303337,125.60800000000002,0.7865790911707784,-0.001849023233378877,Hold
2024-05-08,ALP,124.39,128.08,120.81,124.16,1367468,0.0268,-0.751,-0.0019,-0.001849023233378877,-0.0018507347869646381,125.36299999999999,0.8206237465085804,0.002174613402061931,Sell
2024-05-09,ALP,124.16,125.78,122.52,124.43,1267910,0.0147,-0.217,0.0021,0.002174613402061931,0.0021722523526312995,125.21300000000001,0.8422727190962638,-0.009001044764124444,Hold
2024-05-10,ALP,124.43,125.65,123.11,123.31,996933,0.0124,0.28,-0.009,-0.009001044764124444,-0.009041798905100795,124.98799999999999,1.0208689109449185,0.00819073878841925,Hold
2024-05-13,ALP,123.31,125.2,122.04,124.32,812849,0.0169,-0.138,0.0082,0.00819073878841925,0.008157376736898043,124.73000000000002,0.7820485918410612,-0.0019305019305019266,Hold
2024-05-14,ALP,124.32,124.69,123.98,124.08,1018804,0.005,0.835,-0.0019,-0.0019305019305019266,-0.001932367751053924,124.545,0.6786137831397866,0.0078981302385559,Buy
2024-05-15,ALP,124.08,127.23,121.24,125.06,1558365,0.0276,-0.181,0.0079,0.0078981302385559,0.007867103270868604,124.50399999999999,0.6269361122869901,0.0003198464736926532,Hold
2024-05-16,ALP,125.06,125.82,124.4,125.1,1133966,0.0097,-0.531,0.0003,0.0003198464736926532,0.00031979533371362373,124.453,0.5419522324180147,0.0019184652278179115,Sell
2024-05-17,ALP,125.1,129.83,122.23,125.34,1325461,0.0358,0.146,0.0019,0.0019184652278179115,0.0019166273236641284,124.50699999999999,0.6037484759590358,0.010690920695707762,Hold
2024-05-20,ALP,125.34,127.17,123.76,126.68,1295062,0.0168,-0.096,0.0107,0.010690920695707762,0.010634176873909714,124.68700000000001,0.915266202928319,0.013340700978844211,Hold
2024-05-21,ALP,126.68,129.53,123.6,128.37,1229991,0.0295,-0.081,0.0133,0.013340700978844211,0.013252497426395993,125.085,1.469378175359473,0.0013242969541169547,Hold
2024-05-22,ALP,128.37,130.05,127.23,128.54,763045,0.0116,0.315,0.0013,0.0013242969541169547,0.0013234208463049175,125.523,1.7824642742252337,0.003889839738602685,Buy
2024-05-23,ALP,128.54,131.65,126.0,129.04,995514,0.021,0.268,0.0039,0.003889839738602685,0.003882293873813209,125.984,2.0451579672757307,0.012399256044637319,Hold
2024-05-24,ALP,129.04,130.84,126.71,130.64,1278134,0.016,-0.262,0.0124,0.012399256044637319,0.012323014845256247,126.71700000000001,2.280331603566097,-0.007960808328230207,Hold
2024-05-27,ALP,130.64,133.85,129.0,129.6,969633,0.024,-0.146,-0.008,-0.007960808328230207,-0.007992664744035309,127.24499999999998,2.2749224651012177,0.00972222222222241,Hold
2024-05-28,ALP,129.6,132.95,127.81,130.86,1154002,0.024,0.453,0.0097,0.00972222222222241,0.009675265523418557,127.923,2.2368531963948945,-0.004279382546232613,Buy
2024-05-29,ALP,130.86,132.91,128.82,130.3,1056759,0.0156,0.386,-0.0043,-0.004279382546232613,-0.004288565310793254,128.447,2.101301448573597,0.0041442824251725074,Buy
2024-05-30,ALP,130.3,133.21,127.84,130.84,876202,0.0301,0.416,0.0041,0.0041442824251725074,0.004135718539383557,129.02100000000002,1.854977987290661,-0.022623051054723398,Buy
2024-05-31,ALP,130.84,135.16,128.59,127.88,1054866,0.0284,0.051,-0.0226,-0.022623051054723398,-0.022882878478542534,129.275,1.4171744188111994,0.0010947763528308396,Hold
2024-06-03,ALP,127.88,134.47,121.04,128.02,1404949,0.0464,0.054,0.0011,0.0010947763528308396,0.0010941775222166946,129.409,1.1896259916459013,0.00593657241056067,Hold
2024-06-04,ALP,128.02,130.03,125.02,128.78,1313634,0.0259,0.535,0.006,0.00593657241056067,0.005919020396179932,129.45,1.1564409001566134,0.0006988662835845094,Buy
2024-06-05,ALP,128.78,134.53,124.7,128.87,1439753,0.0389,-0.402,0.0007,0.0006988662835845094,0.0006986221902624516,129.483,1.1320389667417339,0.0006983782105998149,Sell
2024-06-06,ALP,128.87,131.26,125.42,128.96,1105091,0.0252,0.762,0.0007,0.0006983782105998149,0.0006981344580183534,129.475,1.1357938975788027,0.007289081885855975,Buy
2024-06-07,ALP,128.96,129.44,128.31,129.9,1001725,0.005,0.256,0.0073,0.007289081885855975,0.0072626449182355895,129.401,1.0738761567329314,-0.0018475750577368055,Hold
2024-06-10,ALP,129.9,131.31,127.99,129.66,909694,0.0174,-0.451,-0.0019,-0.0018475750577368055,-0.001849283929704332,129.407,1.0752782585604634,-0.017507326854851124,Sell
2024-06-11,ALP,129.66,131.91,128.44,127.39,1440191,0.0184,0.241,-0.0175,-0.017507326854851124,-0.017662392625154087,129.06,1.1135029810864736,-0.0017269801397283846,Hold
2024-06-12,ALP,127.39,131.23,124.66,127.17,1051622,0.0252,-0.305,-0.0018,-0.0017269801397283846,-0.0017284730890400315,128.747,1.164942058644831,0.006841236140599172,Sell
2024-06-13,ALP,127.17,130.25,125.41,128.04,1024781,0.0215,-0.203,0.0068,0.006841236140599172,0.006817941069006827,128.467,0.9158487259851519,-0.024523586379256335,Hold
2024-06-14,ALP,128.04,128.96,127.15,124.9,1391803,0.0089,0.771,-0.0246,-0.024523586379256335,-0.024829297970130164,128.169,1.4544907470771862,-0.002802241793434801,Buy
2024-06-17,ALP,124.9,128.09,122.8,124.55,1291113,0.022,-0.353,-0.0028,-0.002802241793434801,-0.002806175423342617,127.822,1.85324819948349,0.00032115616218386656,Sell
2024-06-18,ALP,124.55,125.06,123.71,124.59,990093,0.0067,0.25,0.0003,0.00032115616218386656,0.0003211046025824393,127.40299999999999,2.073194261144975,-0.006822377397865065,Hold
2024-06-19,ALP,124.59,127.04,123.29,123.74,1033503,0.0203,-0.027,-0.0068,-0.006822377397865065,-0.006845756207929192,126.88999999999999,2.2929117829617,-0.010021011798933221,Hold
2024-06-20,ALP,123.74,125.28,122.42,122.5,1305775,0.0187,0.03,-0.01,-0.010021011798933221,-0.010071560118061037,126.244,2.5414571498344762,0.0035102040816326063,Hold
2024-06-21,ALP,122.5,123.51,121.25,122.93,1157861,0.0106,0.244,0.0035,0.0035102040816326063,0.0035040576944679346,125.547,2.377889119926997,0.017815016676157036,Hold
2024-06-24,ALP,122.93,124.4,121.53,125.12,736820,0.0106,-0.197,0.0178,0.017815016676157036,0.017658189117751168,125.09299999999999,1.888374080172496,-0.017822890025575466,Hold
2024-06-25,ALP,125.12,126.13,123.73,122.89,1412672,0.0118,-0.372,-0.0178,-0.017822890025575466,-0.01798363050049511,124.643,1.8149260774663678,-0.004150052892830991,Sell
2024-06-26,ALP,122.89,123.61,122.26,122.38,681771,0.005,0.374,-0.0042,-0.004150052892830991,-0.0041586882621113975,124.16399999999999,1.7025027329072047,0.014544860271286097,Buy
2024-06-27,ALP,122.38,123.62,120.72,124.16,1116540,0.0197,0.292,0.0145,0.014544860271286097,0.014440098400514096,123.776,1.0305252166848209,-0.0024162371134019978,Hold
2024-01-01,BRV,128.85,129.94,127.46,127.62,1166123,0.0122,-0.162,-0.0096,0.010891709763359847,0.010832822296844269,,,0.010891709763359847,Hold
2024-01-02,BRV,127.62,130.52,124.57,129.01,1311126,0.0247,0.309,0.0109,0.010891709763359847,0.010832822296844269,,,-0.00031005348422596946,Buy
2024-01-03,BRV,129.01,129.59,128.07,128.97,938075,0.0072,-0.552,-0.0003,-0.00031005348422596946,-0.00031010156074529483,,,-0.01349150965340773,Sell
2024-01-04,BRV,128.97,130.09,127.77,127.23,986936,0.0124,0.056,-0.0135,-0.01349150965340773,-0.013583347021690787,,,0.026251670203568223,Hold
2024-01-05,BRV,127.23,130.98,122.74,130.57,1057501,0.0305,-0.293,0.0262,0.026251670203568223,0.02591300926533806,,,0.0012253963391284373,Hold
2024-01-08,BRV,130.57,133.56,127.34,130.73,1123815,0.027,-0.258,0.0012,0.0012253963391284373,0.001224646153821474,,,0.01889390346515718,Hold
2024-01-09,BRV,130.73,132.39,129.36,133.2,1121777,0.013,0.345,0.0189,0.01889390346515718,0.018717630532520062,,,0.010660660660660737,Buy
2024-01-10,BRV,133.2,134.52,131.45,134.62,1288417,0.0144,0.212,0.0107,0.010660660660660737,0.010604236476278362,,,0.006239786064477837,Hold
2024-01-11,BRV,134.62,136.1,132.54,135.46,1157752,0.0175,-0.218,0.0063,0.006239786064477837,0.006220399204190594,,,0.011516314779270731,Hold
2024-01-12,BRV,135.46,138.94,131.59,137.02,1402244,0.0261,0.114,0.0115,0.011516314779270731,0.011450506787995505,131.443,3.4333334951456194,0.002554371624580387,Hold
2024-01-15,BRV,137.02,137.45,136.41,137.37,1140219,0.005,-0.021,0.0025,0.002554371624580387,0.002551114762360809,132.41799999999998,3.6070572801415457,0.006697241027880718,Hold
2024-01-16,BRV,137.37,142.0,132.79,138.29,1294988,0.0305,-0.324,0.0067,0.006697241027880718,0.006674914139453023,133.346,3.8202943458441396,-0.0035432786173981157,Sell
2024-01-17,BRV,138.29,139.64,137.09,137.8,1170472,0.0148,0.281,-0.0036,-0.0035432786173981157,-0.0035495708970086862,134.22899999999998,3.715488453009131,-0.00834542815674899,Hold
2024-01-18,BRV,137.8,138.94,136.28,136.65,1441482,0.0152,0.067,-0.0083,-0.00834542815674899,-0.008380446205481257,135.171,2.8332409788869186,-0.013465056714233481,Hold
2024-01-19,BRV,136.65,140.01,133.85,134.81,1471354,0.022,0.434,-0.0135,-0.013465056714233481,-0.013556532671104361,135.59499999999997,2.3430428933332843,0.014613159261182451,Buy
2024-01-22,BRV,134.81,138.26,130.93,136.78,1171375,0.0307,0.025,0.0146,0.014613159261182451,0.014507415966977336,136.2,1.615356857718238,-0.00497148705951167,Hold
2024-01-23,BRV,136.78,139.93,134.05,136.1,1770350,0.0345,-0.134,-0.005,-0.00497148705951167,-0.004983886012529645,136.49,1.2316835812999967,-0.00800881704628953,Hold
2024-01-24,BRV,136.1,136.88,135.34,135.01,885590,0.0108,-0.403,-0.008,-0.00800881704628953,-0.008041059888265653,136.529,1.1705502030145145,-0.009480779201540668,Sell
2024-01-25,BRV,135.01,136.98,131.5,133.73,1602804,0.0223,-0.01,-0.0095,-0.009480779201540668,-0.009526007884449622,136.356,1.442376126011672,0.007851641366933393,Hold
2024-01-26,BRV,133.73,135.95,132.25,134.78,1166941,0.0179,0.295,0.0078,0.007851641366933393,0.007820977633365768,136.132,1.5005613764334942,0.025152099718058984,Hold
2024-01-29,BRV,134.78,137.0,132.68,138.17,1321493,0.0249,0.05,0.0252,0.025152099718058984,0.02484099155050715,136.212,1.5924111696835317,0.012014185423753432,Hold
2024-01-30,BRV,138.17,139.24,135.81,139.83,998560,0.0144,-0.187,0.012,0.012014185423753432,0.01194258798418119,136.366,1.8665666639878367,0.006007294571980015,Hold
2024-01-31,BRV,139.83,141.97,138.51,140.67,952661,0.0143,0.426,0.0061,0.006007294571980015,0.005989322716845111,136.65300000000002,2.2852427539419136,0.018625151062771073,Buy
2024-02-01,BRV,140.67,141.07,139.89,143.29,1374976,0.005,0.061,0.0186,0.018625151062771073,0.01845382695890689,137.317,3.1027194165404994,0.0034894270360805724,Hold
2024-02-02,BRV,143.29,145.5,141.24,143.79,1227620,0.0161,-0.184,0.0035,0.0034894270360805724,0.003483353111138036,138.215,3.5620289162217262,-0.006954586549829611,Hold
2024-02-05,BRV,143.79,145.52,142.32,142.79,811155,0.012,-0.053,-0.0069,-0.006954586549829611,-0.006978882397445727,138.81599999999997,3.7925634836845608,0.012115694376356956,Hold
2024-02-06,BRV,142.79,145.45,139.89,144.52,1218363,0.0222,-0.155,0.0121,0.012115694376356956,0.012042886837235665,139.658,4.0486096378880365,0.018613340714088045,Hold
2024-02-07,BRV,144.52,147.54,139.61,147.21,1482310,0.0304,-0.147,0.0187,0.018613340714088045,0.018442232490482272,140.878,4.3213418697848445,0.005977854765301327,Hold
2024-02-08,BRV,147.21,151.74,142.75,148.09,1525979,0.0311,0.177,0.0059,0.005977854765301327,0.005960058279490306,142.314,4.0601592743799415,0.002768586670268025,Hold
2024-02-09,BRV,148.09,150.97,144.08,148.5,1222594,0.0265,0.415,0.0028,0.002768586670268025,0.002764761193342285,143.68599999999998,3.5126065029326385,0.013535353535353511,Buy
2024-02-12,BRV,148.5,149.7,146.83,150.51,1167338,0.0161,0.111,0.0135,0.013535353535353511,0.013444568921516966,144.92000000000002,3.527019516059833,0.008039332934688836,Hold
2024-02-13,BRV,150.51,153.41,147.8,151.72,877015,0.0205,0.057,0.0081,0.008039332934688836,0.008007189656427001,146.10899999999998,3.6232810483808624,0.01608225678882147,Hold
2024-02-14,BRV,151.72,155.68,149.23,154.16,1282860,0.0222,-0.092,0.0161,0.01608225678882147,0.01595430728541272,147.45800000000003,3.875727315256149,0.002854177477944919,Hold
2024-02-15,BRV,154.16,156.56,150.81,154.6,1109850,0.0219,0.182,0.0028,0.002854177477944919,0.0028501120472105633,148.589,4.1638082195136406,-0.014683053040103422,Hold
2024-02-16,BRV,154.6,155.67,152.37,152.33,1400065,0.013,0.04,-0.0147,-0.014683053040103422,-0.014791916004711816,149.44299999999998,3.9399268182713585,-0.00045952865489407024,Hold
2024-02-19,BRV,152.33,155.87,149.39,152.26,1625257,0.0238,-0.168,-0.0005,-0.00045952865489407024,-0.00045963427054325544,150.39000000000001,3.238864684491319,-0.005385524760278426,Hold
2024-02-20,BRV,152.26,153.01,151.76,151.44,1142403,0.005,-0.434,-0.0054,-0.005385524760278426,-0.005400078976999079,151.082,2.500425741526747,0.009310618066560972,Sell
2024-02-21,BRV,151.44,153.97,150.12,152.85,850762,0.0144,0.073,0.0094,0.009310618066560972,0.00926754143577606,151.64600000000002,2.1401360289063383,-0.00981354268891066,Hold
2024-02-22,BRV,152.85,155.12,150.84,151.35,1629612,0.019,0.195,-0.0098,-0.00981354268891066,-0.009862012869115819,151.972,1.7512332162732014,0.004030393128510168,Hold
2024-02-23,BRV,151.35,153.56,149.58,151.96,1165263,0.0224,-0.014,0.004,0.004030393128510168,0.004022292851697259,152.318,1.2626937695088205,0.010923927349302476,Hold
2024-02-26,BRV,151.96,158.12,148.66,153.62,1322288,0.0344,-0.375,0.0109,0.010923927349302476,0.010864692251111084,152.629,1.1454591510252683,0.0051425595625569365,Sell
2024-02-27,BRV,153.62,157.52,150.08,154.41,1387624,0.0246,0.103,0.0052,0.0051425595625569365,0.005129381762236948,152.898,1.2216000436589498,0.015024933618288827,Hold
2024-02-28,BRV,154.41,156.85,151.96,156.73,1248091,0.0271,0.059,0.015,0.015024933618288827,0.014913177333203773,153.155,1.6951515828650197,-0.014164486696867207,Hold
2024-02-29,BRV,156.73,159.98,151.33,154.51,1369009,0.038,-0.203,-0.0142,-0.014164486696867207,-0.014265760503649938,153.14600000000002,1.6868458402858817,-0.017927642223804163,Hold
2024-03-01,BRV,154.51,155.56,153.36,151.74,1033477,0.0135,0.252,-0.0179,-0.017927642223804163,-0.018090289252397904,153.08700000000002,1.72836499488865,0.007842361934888631,Hold
2024-03-04,BRV,151.74,152.49,150.91,152.93,717380,0.005,-0.136,0.0078,0.007842361934888631,0.007811770450103202,153.15400000000002,1.7055803834605203,-0.011639312103576827,Hold
2024-03-05,BRV,152.93,155.72,149.97,151.15,1194367,0.0195,-0.29,-0.0117,-0.011639312103576827,-0.011707579134564945,153.125,1.740078223018468,-0.02004631161098247,Hold
2024-03-06,BRV,151.15,152.87,148.86,148.12,1252812,0.0203,-0.066,-0.02,-0.02004631161098247,-0.020249965180055125,152.652,2.3567388013478805,0.006278692951660947,Hold
2024-03-07,BRV,148.12,150.82,146.49,149.05,1593228,0.0172,-0.3,0.0063,0.006278692951660947,0.006259064078668644,152.422,2.5978230202316124,-0.005098960080510029,Hold
2024-03-08,BRV,149.05,153.39,144.21,148.29,1307877,0.0292,0.42,-0.0051,-0.005098960080510029,-0.005112004137102965,152.055,2.910732057595129,-0.004315867556814235,Buy
2024-03-11,BRV,148.29,150.46,143.88,147.65,1528742,0.0264,0.269,-0.0043,-0.004315867556814235,-0.004325207797045827,151.45800000000003,3.1559812701881893,-0.005621401964104433,Hold
2024-03-12,BRV,147.65,150.46,144.36,146.82,1726023,0.022,0.395,-0.0056,-0.005621401964104433,-0.005637261507296513,150.699,3.277497181963502,0.004359079144530709,Buy
2024-03-13,BRV,146.82,149.45,145.18,147.46,1077828,0.0152,-0.195,0.0044,0.004359079144530709,0.004349605878869216,149.772,2.6289575458304255,0.02224332022243325,Hold
2024-03-14,BRV,147.46,149.33,145.35,150.74,1137064,0.0143,0.157,0.0222,0.02224332022243325,0.021999545853819358,149.395,2.088855348430726,-0.009751890672681451,Hold
2024-03-15,BRV,150.74,152.5,149.07,149.27,1360720,0.0212,0.011,-0.0097,-0.009751890672681451,-0.009799751770175528,149.148,1.9199641200353734,0.006833255175185737,Hold
2024-03-18,BRV,149.27,150.04,148.68,150.29,1133836,0.005,-0.077,0.0068,0.006833255175185737,0.006810014300854482,148.884,1.471206609858003,0.010246856078248934,Hold
2024-03-19,BRV,150.29,150.94,149.48,151.83,1100857,0.0054,-0.368,0.0102,0.010246856078248934,0.010194712948093562,148.952,1.5978443812423193,0.010011196733188399,Sell
2024-03-20,BRV,151.83,153.9,149.11,153.35,1154851,0.0196,0.324,0.01,0.010011196733188399,0.00996141666616419,149.475,2.078804410659813,0.005347244864688516,Buy
2024-03-21,BRV,153.35,158.53,147.46,154.17,1170607,0.0338,0.443,0.0053,0.005347244864688516,0.0053329991119872786,149.987,2.5415177005527765,0.011870013621327224,Buy
2024-03-22,BRV,154.17,155.54,151.89,156.0,1127047,0.0133,-0.165,0.0119,0.011870013621327224,0.01180011757728924,150.75799999999998,3.0815897772994267,-0.016410256410256396,Hold
2024-03-25,BRV,156.0,156.48,155.4,153.44,1291240,0.005,0.232,-0.0164,-0.016410256410256396,-0.016546396114408942,151.337,2.9748353829340335,0.0031282586027110426,Hold
2024-03-26,BRV,153.44,159.15,149.47,153.92,1192975,0.0316,-0.388,0.0032,0.0031282586027110426,0.003123375782268155,152.047,2.6007351524778493,-0.0043529106029105424,Sell
2024-03-27,BRV,153.92,154.81,153.18,153.25,1285240,0.0072,0.023,-0.0044,-0.0043529106029105424,-0.004362412101075518,152.626,2.052874407589016,-0.0020880913539966794,Hold
2024-03-28,BRV,153.25,155.54,148.81,152.93,1195417,0.0285,0.45,-0.0021,-0.0020880913539966794,-0.0020902744562887455,152.845,1.9432061136175456,0.004577257568822324,Buy
2024-03-29,BRV,152.93,158.6,146.02,153.63,1515202,0.0408,-0.096,0.0046,0.004577257568822324,0.0045668137825366365,153.281,1.4876935915109726,0.0,Hold
2024-04-01,BRV,153.63,156.05,150.43,153.63,1163461,0.018,-0.078,-0.0,0.0,0.0,153.615,1.0529983644603342,-0.019071795873201847,Hold
2024-04-02,BRV,153.63,155.19,151.85,150.7,1210673,0.0192,0.22,-0.019,-0.019071795873201847,-0.01925600851011885,153.502,1.2979710662759343,-0.02786994027869938,Hold
2024-04-03,BRV,150.7,153.68,147.28,146.5,1481087,0.0235,0.275,-0.0279,-0.02786994027869938,-0.028265677175327755,152.81699999999998,2.570672415277233,-0.009419795221842997,Hold
2024-04-04,BRV,146.5,148.15,145.7,145.12,1230330,0.0096,0.332,-0.0094,-0.009419795221842997,-0.009464442090295518,151.912,3.475280324424775,0.0023428886438809915,Buy
2024-04-05,BRV,145.12,150.72,138.95,145.46,1338339,0.0391,-0.187,0.0023,0.0023428886438809915,0.0023401483595682318,150.858,3.6894076609788624,0.0,Hold
2024-04-08,BRV,145.46,149.27,142.36,145.46,1830858,0.0236,0.045,0.0,0.0,0.0,150.06,3.924413615079692,-0.01024336587377983,Hold
2024-04-09,BRV,145.46,149.06,141.03,143.97,1487162,0.0319,0.332,-0.0103,-0.01024336587377983,-0.010296190188130893,149.065,4.09467743947359,0.0039591581579494495,Buy
2024-04-10,BRV,143.97,145.96,142.09,144.54,1110146,0.0125,0.091,0.004,0.0039591581579494495,0.003951341316571029,148.19400000000002,4.031438122225615,0.01106960011069602,Hold
2024-04-11,BRV,144.54,147.12,141.11,146.14,1184541,0.0245,0.484,0.0111,0.01106960011069602,0.011008780508236782,147.515,3.7036206009196175,0.01464349254139874,Buy
2024-04-12,BRV,146.14,150.38,143.84,148.28,1194529,0.027,0.179,0.0146,0.01464349254139874,0.014537311919459839,146.98,3.0510653876966694,-0.014027515511195077,Hold
2024-04-15,BRV,148.28,150.6,145.33,146.2,938110,0.0202,-0.052,-0.014,-0.014027515511195077,-0.01412683096685343,146.237,1.9620400381010918,-0.013337893296853531,Hold
2024-04-16,BRV,146.2,146.68,145.8,144.25,915818,0.005,-0.297,-0.0133,-0.013337893296853531,-0.013427641927469092,145.592,1.2699938757510105,0.024055459272096957,Hold
2024-04-17,BRV,144.25,147.58,139.46,147.72,1121927,0.0301,0.493,0.024,0.024055459272096957,0.023770684596153415,145.714,1.4170015290513878,-0.0174654752233957,Buy
2024-04-18,BRV,147.72,153.46,142.18,145.14,1031928,0.0429,-0.75,-0.0175,-0.0174654752233957,-0.017619796134371653,145.71599999999998,1.4160838016635788,0.009852556152680325,Sell
2024-04-19,BRV,145.14,149.49,143.23,146.57,1405839,0.0256,0.415,0.0099,0.009852556152680325,0.009804336189218542,145.827,1.4371348811671485,0.00034113392918078134,Buy
2024-04-22,BRV,146.57,148.38,142.71,146.62,1253713,0.0228,0.228,0.0003,0.00034113392918078134,0.00034107575623143065,145.94299999999998,1.4509694077487907,-0.0009548492702224909,Hold
2024-04-23,BRV,146.62,148.38,144.82,146.48,775126,0.0172,-0.226,-0.0009,-0.0009548492702224909,-0.0009553054291853989,146.19400000000002,1.2786034047613555,-0.015087383943200305,Hold
2024-04-24,BRV,146.48,151.46,143.05,144.27,1585162,0.0339,0.054,-0.0151,-0.015087383943200305,-0.01520235640857417,146.16699999999997,1.319604738801481,-0.00977334165107091,Hold
2024-04-25,BRV,144.27,145.88,142.05,142.86,1307077,0.0178,-0.295,-0.0098,-0.00977334165107091,-0.009821414230854556,145.839,1.684303021034912,0.00454990900181973,Hold
2024-04-26,BRV,142.86,146.75,140.08,143.51,839471,0.0232,-0.18,0.0045,0.00454990900181973,0.0045395894560138275,145.36200000000002,1.5889325557327372,-0.003623440875200168,Hold
2024-04-29,BRV,143.51,149.14,139.06,142.99,1369884,0.0336,0.067,-0.0037,-0.003623440875200168,-0.0036300214380844335,145.041,1.719692802024259,-0.006154276522833735,Hold
2024-04-30,BRV,142.99,145.69,140.69,142.11,1035011,0.0204,0.015,-0.0061,-0.006154276522833735,-0.006173292140985737,144.827,1.947169170303006,0.008725635071423321,Hold
2024-05-01,BRV,142.11,144.11,140.63,143.35,968247,0.0131,-0.373,0.0087,0.008725635071423321,0.008687786725608515,144.39000000000001,1.7005097275035166,0.021555633065922564,Sell
2024-05-02,BRV,143.35,146.32,141.33,146.44,1022754,0.0228,-0.202,0.0215,0.021555633065922564,0.02132659592265661,144.52,1.8103590804038663,-0.00040972411909312445,Hold
2024-05-03,BRV,146.44,148.26,143.08,146.38,1195377,0.0241,0.19,-0.0004,-0.00040972411909312445,-0.00040980807895437776,144.501,1.7873036799730413,-0.012638338570842955,Hold
2024-05-06,BRV,146.38,152.02,141.15,144.53,1262607,0.0421,0.289,-0.0126,-0.012638338570842955,-0.012718881712330408,144.292,1.6269931366380865,-0.005535183006988298,Hold
2024-05-07,BRV,144.53,149.71,138.25,143.73,1821558,0.0364,-0.241,-0.0055,-0.005535183006988298,-0.005550558897610277,144.017,1.4374441051937954,-0.0011827732554093862,Hold
2024-05-08,BRV,143.73,146.65,137.86,143.56,1259501,0.0363,0.171,-0.0012,-0.0011827732554093862,-0.001183473283733869,143.946,1.4410890943236754,-0.012050710504318718,Hold
2024-05-09,BRV,143.56,144.34,142.34,141.83,955874,0.0099,-0.175,-0.0121,-0.012050710504318718,-0.012123908972890297,143.843,1.5592950686486453,0.00895438200662757,Hold
2024-05-10,BRV,141.83,142.44,141.31,143.1,1119484,0.005,0.07,0.009,0.00895438200662757,0.008914529255888957,143.802,1.5743414849110702,0.005450733752620618,Hold
2024-05-13,BRV,143.1,144.03,142.49,143.88,1439989,0.0079,0.368,0.0054,0.005450733752620618,0.0054359322650180345,143.891,1.5482782552100962,-0.008409785932721792,Buy
2024-05-14,BRV,143.88,145.79,141.26,142.67,1337720,0.0208,0.167,-0.0084,-0.008409785932721792,-0.008445347700700209,143.947,1.4855605002829275,0.012826803112076846,Hold
2024-05-15,BRV,142.67,144.18,141.02,144.5,946379,0.011,-0.033,0.0128,0.012826803112076846,0.012745236425763818,144.06199999999998,1.4787066420808979,0.001245674740484537,Hold
2024-05-16,BRV,144.5,146.6,142.22,144.68,1451825,0.0168,-0.328,0.0013,0.001245674740484537,0.0012448995314104545,143.88600000000002,1.251507535379629,-0.0008985346972628649,Sell
2024-05-17,BRV,144.68,147.24,142.24,144.55,1200312,0.0169,0.058,-0.0009,-0.0008985346972628649,-0.0008989386215420704,143.703,0.9417719705137702,0.005119335869941066,Hold
2024-05-20,BRV,144.55,145.3,143.76,145.29,675075,0.0067,-0.236,0.0051,0.005119335869941066,0.00510627662089226,143.779,1.0413287451887938,0.009085277720421336,Hold
2024-05-21,BRV,145.29,153.08,138.13,146.61,1447540,0.0449,0.117,0.0091,0.009085277720421336,0.009044254866925795,144.067,1.3720224325995423,-0.0023872859968625537,Hold
2024-05-22,BRV,146.61,149.7,143.64,146.26,1408871,0.019,0.025,-0.0024,-0.0023872859968625537,-0.0023901401073681407,144.337,1.5189619993786059,-0.007452481881580764,Hold
2024-05-23,BRV,146.26,148.98,141.95,145.17,1253742,0.0299,-0.2,-0.0075,-0.007452481881580764,-0.0074803903694682745,144.671,1.2498217650709256,0.005304126196872705,Hold
2024-05-24,BRV,145.17,146.89,141.98,145.94,1459504,0.0199,0.008,0.0053,0.005304126196872705,0.0052901088641372435,144.95499999999998,1.173515610841768,0.0060298752912155695,Hold
2024-05-27,BRV,145.94,148.5,142.44,146.82,1638163,0.0282,-0.008,0.0061,0.0060298752912155695,0.006011768345161249,145.249,1.2406311117958746,-0.001975207737365481,Hold
2024-05-28,BRV,146.82,148.11,145.34,146.53,1026915,0.0169,-0.32,-0.002,-0.001975207737365481,-0.0019771610327015466,145.635,0.9038344243647781,0.005391387429195316,Sell
2024-05-29,BRV,146.53,149.19,143.36,147.32,1235302,0.0253,0.017,0.0054,0.005391387429195316,0.005376905926930732,145.917,0.9491522533292649,0.0059055118110236116,Hold
2024-05-30,BRV,147.32,149.87,144.71,148.19,898750,0.0186,-0.282,0.0059,0.0059055118110236116,0.005888142625222532,146.26799999999997,1.0807589925602585,-0.0029691612119575606,Hold
2024-05-31,BRV,148.19,154.34,144.74,147.75,1389185,0.0349,-0.064,-0.003,-0.0029691612119575606,-0.0029735779158794524,146.588,0.9850640137122263,0.001827411167512727,Hold
2024-06-03,BRV,147.75,149.9,144.75,148.02,1078938,0.017,-0.184,0.0018,0.001827411167512727,0.0018257434831127884,146.861,0.9634250244712272,-0.014052155114173792,Hold
2024-06-04,BRV,148.02,152.12,144.25,145.94,1569569,0.0319,0.131,-0.0141,-0.014052155114173792,-0.014151821431846316,146.794,1.005210867872275,-0.018363711114156578,Hold
2024-06-05,BRV,145.94,148.73,143.31,143.26,901956,0.0178,-0.41,-0.0183,-0.018363711114156578,-0.01853441715116896,146.49399999999997,1.5054729784651424,0.004048582995951566,Sell
2024-06-06,BRV,143.26,143.89,142.79,143.84,935288,0.005,-0.173,0.0041,0.004048582995951566,0.004040409537005127,146.36100000000002,1.6836432058023274,-0.009246384872080182,Hold
2024-06-07,BRV,143.84,146.88,139.79,142.51,1288013,0.0258,-0.005,-0.0092,-0.009246384872080182,-0.009289398038189432,146.01799999999997,2.0813553276651495,-0.00835029120763453,Hold
2024-06-10,BRV,142.51,144.06,141.25,141.32,1008559,0.0107,-0.008,-0.0084,-0.00835029120763453,-0.008385350194176315,145.46800000000002,2.5252361825734613,-0.002405887347863067,Hold
2024-06-11,BRV,141.32,142.12,140.5,140.98,1358945,0.005,-0.412,-0.0024,-0.002405887347863067,-0.0024087861452149893,144.913,2.854341916760937,0.018371400198609722,Sell
2024-06-12,BRV,140.98,143.89,136.31,143.57,1146047,0.0304,-0.201,0.0184,0.018371400198609722,0.018204684793872997,144.53799999999998,2.74730494201961,0.00480601797032798,Hold
2024-06-13,BRV,143.57,145.46,141.71,144.26,1308541,0.0139,0.647,0.0048,0.00480601797032798,0.004794505935923942,144.145,2.429559859544985,-0.006308054900873383,Buy
2024-06-14,BRV,144.26,145.8,142.5,143.35,1228120,0.0125,0.01,-0.0063,-0.006308054900873383,-0.006328034746147689,143.70499999999998,2.0769863317373045,-0.009417509591907902,Hold
2024-06-17,BRV,143.35,145.68,140.09,142.0,890181,0.0218,-0.11,-0.0094,-0.009417509591907902,-0.009462134728118096,143.103,1.471530193748244,0.007042253521126751,Hold
2024-06-18,BRV,142.0,144.47,140.15,143.0,1550960,0.0254,-0.314,0.0071,0.007042253521126751,0.00701757265864654,142.809,1.0845526471528326,0.016153846153846185,Sell
2024-06-19,BRV,143.0,144.15,141.96,145.31,804606,0.0124,0.299,0.0161,0.016153846153846185,0.016024761072697246,143.01399999999998,1.3423710366369155,0.02291652329502436,Hold
2024-06-20,BRV,145.31,147.27,140.93,148.64,1370107,0.0256,0.398,0.0229,0.02291652329502436,0.022657883732923823,143.49399999999997,2.2331651677984046,0.0028256189451023594,Buy
2024-06-21,BRV,148.64,152.59,144.19,149.06,1307525,0.0293,-0.193,0.0028,0.0028256189451023594,0.0028216343880194785,144.14899999999997,2.8008944999769416,-0.007580839930229399,Hold
2024-06-24,BRV,149.06,154.32,146.05,147.93,1211833,0.0307,0.161,-0.0076,-0.007580839930229399,-0.007609720549403294,144.81,2.8387908223985217,-0.011153924153315842,Hold
2024-06-25,BRV,147.93,148.79,147.43,146.28,1481803,0.005,-0.313,-0.0112,-0.011153924153315842,-0.011216595622964051,145.33999999999997,2.521278335377693,0.008476893628657445,Sell
2024-06-26,BRV,146.28,148.04,143.58,147.52,1244394,0.0172,-0.066,0.0085,0.008476893628657445,0.008441166527103305,145.73499999999999,2.5225835521897073,0.016540130151843746,Hold
2024-06-27,BRV,147.52,151.19,144.12,149.96,1167166,0.0228,-0.05,0.0165,0.016540130151843746,0.01640483205942751,146.305,2.782821310189428,-0.01206988530274744,Hold
2024-01-01,CRX,56.48,57.18,55.55,56.83,1385060,0.0191,-0.028,0.0062,0.011437620974837248,0.011372705901794067,,,0.011437620974837248,Hold
2024-01-02,CRX,56.83,58.15,55.73,57.48,1857751,0.0272,0.148,0.0116,0.011437620974837248,0.011372705901794067,,,0.010612386917188799,Hold
2024-01-03,CRX,57.48,59.04,56.56,58.09,1345330,0.0262,0.543,0.0106,0.010612386917188799,0.010556470793617165,,,-0.008951626786021794,Buy
2024-01-04,CRX,58.09,59.47,57.44,57.57,1396541,0.0198,-0.075,-0.0089,-0.008951626786021794,-0.008991933316723004,,,-0.012680215389960003,Hold
2024-01-05,CRX,57.57,58.49,56.73,56.84,1218073,0.0158,0.386,-0.0127,-0.012680215389960003,-0.0127612954588183,,,0.01477832512315258,Buy
2024-01-08,CRX,56.84,57.1,56.32,57.68,1149521,0.0089,-0.154,0.0147,0.01477832512315258,0.01467018974779362,,,-0.008668515950069344,Hold
2024-01-09,CRX,57.68,58.25,57.06,57.18,990413,0.0089,-0.435,-0.0086,-0.008668515950069344,-0.008706306082527888,,,0.0034977264777895645,Sell
2024-01-10,CRX,57.18,57.45,56.96,57.38,1173701,0.005,-0.245,0.0034,0.0034977264777895645,0.003491623659053112,,,-0.0041826420355525196,Hold
2024-01-11,CRX,57.38,57.78,56.73,57.14,1387361,0.0125,0.504,-0.0042,-0.0041826420355525196,-0.0041914137505917794,,,-0.005075253762688137,Buy
2024-01-12,CRX,57.14,58.01,56.27,56.85,1199997,0.017,0.664,-0.0051,-0.005075253762688137,-0.00508817660608197,57.303999999999995,0.4156708099232155,0.009674582233949014,Buy
2024-01-15,CRX,56.85,58.66,55.42,57.4,1133743,0.0296,0.489,0.0098,0.009674582233949014,0.009628083128975713,57.361000000000004,0.3810934560212514,0.008013937282229877,Buy
2024-01-16,CRX,57.4,58.07,56.78,57.86,1350243,0.0135,0.335,0.008,0.008013937282229877,0.007981996222468216,57.399,0.41197222128574357,-0.0010369858278603816,Buy
2024-01-17,CRX,57.86,58.28,57.27,57.8,923956,0.0111,-0.13,-0.0011,-0.0010369858278603816,-0.0010375238696572796,57.370000000000005,0.36551333764993915,-0.010207612456747395,Hold
2024-01-18,CRX,57.8,59.36,56.93,57.21,1725985,0.0258,0.057,-0.0102,-0.010207612456747395,-0.010260067397894385,57.33399999999999,0.36133087330035746,-0.018178640097884946,Hold
2024-01-19,CRX,57.21,58.09,56.6,56.17,1449958,0.017,0.344,-0.0182,-0.018178640097884946,-0.018345901736095998,57.26700000000001,0.4990001113337666,0.007299270072992581,Buy
2024-01-22,CRX,56.17,56.57,55.84,56.58,968283,0.0083,-0.423,0.0074,0.007299270072992581,0.007272759329079657,57.157,0.5186960145938645,0.005125486037468985,Sell
2024-01-23,CRX,56.58,57.67,55.75,56.87,1093424,0.0181,0.31,0.0051,0.005125486037468985,0.005112395445287094,57.126,0.526375446911342,-0.003868471953578312,Buy
2024-01-24,CRX,56.87,57.81,55.98,56.65,1243987,0.0195,-0.333,-0.004,-0.003868471953578312,-0.0038759738446929605,57.05300000000001,0.5377328952804289,-0.009885260370697146,Sell
2024-01-25,CRX,56.65,57.59,55.04,56.09,1368478,0.0278,0.27,-0.0099,-0.009885260370697146,-0.009934443953769655,56.94799999999999,0.6157163849262695,-0.008201105366375527,Hold
2024-01-26,CRX,56.09,56.89,54.74,55.63,975447,0.0212,0.106,-0.0082,-0.008201105366375527,-0.008234919433043763,56.826,0.7446580124832907,0.015639043681466847,Hold
2024-01-29,CRX,55.63,56.25,55.3,56.5,1040405,0.0108,-0.252,0.0157,0.015639043681466847,0.015518014065193425,56.736000000000004,0.7216062330354179,-0.01115044247787611,Hold
2024-01-30,CRX,56.5,57.38,55.66,55.87,1222964,0.0199,-0.158,-0.0111,-0.01115044247787611,-0.011213074681337858,56.537,0.6478177041250034,0.0016108824055844906,Hold
2024-01-31,CRX,55.87,56.5,54.94,55.96,1378537,0.0209,0.074,0.0016,0.0016108824055844906,0.0016095863262231191,56.352999999999994,0.49173276391870363,0.00661186561829874,Hold
2024-02-01,CRX,55.96,56.5,55.46,56.33,861999,0.0108,0.265,0.0067,0.00661186561829874,0.006590103109342129,56.265,0.38942264957243833,-0.002485354162968245,Hold
2024-02-02,CRX,56.33,57.14,55.47,56.19,1035144,0.0235,0.024,-0.0026,-0.002485354162968245,-0.002488447782515785,56.266999999999996,0.38893158495781227,0.027407011923829883,Hold
2024-02-05,CRX,56.19,56.69,55.23,57.73,1390093,0.0155,0.19,0.0275,0.027407011923829883,0.027038163948735393,56.38199999999999,0.6029151405186978,0.018534557422484,Hold
2024-02-06,CRX,57.73,58.43,56.71,58.8,1307463,0.0215,-0.089,0.0184,0.018534557422484,0.01836488583173905,56.575,0.9722625388466087,0.01989795918367343,Hold
2024-02-07,CRX,58.8,59.7,57.71,59.97,1087110,0.0194,-0.38,0.0198,0.01989795918367343,0.019702582275837113,56.907000000000004,1.4501268143778938,0.0005002501250626068,Sell
2024-02-08,CRX,59.97,60.99,59.3,60.0,1544772,0.0207,-0.213,0.0006,0.0005002501250626068,0.0005001250416823734,57.298,1.7093260530266146,-0.0050000000000000044,Hold
2024-02-09,CRX,60.0,61.15,58.4,59.7,1081536,0.026,-0.189,-0.005,-0.0050000000000000044,-0.005012541823544286,57.705,1.752048007967305,0.004857621440536031,Hold
2024-02-12,CRX,59.7,60.73,58.22,59.99,1122300,0.0209,-0.434,0.0047,0.004857621440536031,0.0048458612664453405,58.053999999999995,1.8311574967156012,0.00916819469911645,Sell
2024-02-13,CRX,59.99,60.63,59.55,60.54,1145190,0.0126,-0.018,0.0093,0.00916819469911645,0.009126421928570794,58.521,1.807628587711275,-0.004459861248761077,Hold
2024-02-14,CRX,60.54,62.33,59.57,60.27,1578052,0.0251,0.312,-0.0046,-0.004459861248761077,-0.004469836098619779,58.952,1.6347055460302786,0.013107682097229123,Buy
2024-02-15,CRX,60.27,61.52,58.86,61.06,1308537,0.022,-0.549,0.0131,0.013107682097229123,0.013022519811779036,59.425,1.4674940847883504,0.002129053390107938,Sell
2024-02-16,CRX,61.06,62.15,59.89,61.19,892907,0.0181,0.23,0.0021,0.002129053390107938,0.0021267901677172163,59.925,1.0291231434791122,0.005719888870730605,Hold
2024-02-19,CRX,61.19,62.33,60.61,61.54,1095764,0.0157,0.25,0.0058,0.005719888870730605,0.005703592419446707,60.306,0.8076330299777115,0.007799805004874871,Hold
2024-02-20,CRX,61.54,62.1,60.81,62.02,1216870,0.0148,-0.164,0.0078,0.007799805004874871,0.007769543778407109,60.628,0.7819747083149796,0.0025798129635601352,Hold
2024-02-21,CRX,62.02,63.19,60.41,62.18,1267112,0.022,-0.221,0.0025,0.0025798129635601352,0.0025764909583048615,60.849000000000004,0.881330433681475,0.014956577677709859,Hold
2024-02-22,CRX,62.18,62.93,60.82,63.11,1470158,0.0195,0.08,0.015,0.014956577677709859,0.014845830965540392,61.15999999999999,1.0757323087087372,-0.002852162890191745,Hold
2024-02-23,CRX,63.11,64.07,62.0,62.93,1182161,0.0174,-0.357,-0.0029,-0.002852162890191745,-0.002856238057305966,61.483000000000004,1.0735615699363783,0.0030192277133322953,Sell
2024-02-26,CRX,62.93,64.36,61.3,63.12,1327910,0.026,-0.242,0.0031,0.0030192277133322953,0.0030146789987766137,61.79600000000001,1.0458298140710098,0.013307984790874583,Hold
2024-02-27,CRX,63.12,63.36,62.85,63.96,1015266,0.005,-0.091,0.0134,0.013307984790874583,0.013220211428134737,62.13800000000001,1.1440454536423745,-0.008130081300813052,Hold
2024-02-28,CRX,63.96,66.03,62.87,63.44,1441101,0.0299,-0.15,-0.0082,-0.008130081300813052,-0.008163310639160981,62.455,0.9989132984286231,-0.020176544766708715,Hold
2024-02-29,CRX,63.44,64.47,62.48,62.16,1005321,0.0159,-0.17,-0.0201,-0.020176544766708715,-0.020382871267200557,62.565,0.8819454505679747,0.011904761904761862,Hold
2024-03-01,CRX,62.16,64.55,60.26,62.9,1297096,0.0324,-0.456,0.0118,0.011904761904761862,0.011834457647002798,62.73599999999999,0.7400930872380448,-0.010492845786963412,Sell
2024-03-04,CRX,62.9,63.32,62.42,62.24,1388837,0.0121,0.112,-0.0105,-0.010492845786963412,-0.010548283836258656,62.806,0.6408535974254121,0.008033419023136146,Hold
2024-03-05,CRX,62.24,63.73,60.69,62.74,1124880,0.0252,-0.121,0.008,0.008033419023136146,0.008001322892395827,62.878,0.5803217498363212,-0.01386675167357354,Hold
2024-03-06,CRX,62.74,64.28,61.26,61.87,1462057,0.0213,-0.581,-0.0138,-0.01386675167357354,-0.013963793219634726,62.846999999999994,0.6280666985102266,0.009212865686116123,Sell
2024-03-07,CRX,61.87,63.74,60.27,62.44,959664,0.0267,0.217,0.0093,0.009212865686116123,0.009170686104333957,62.779999999999994,0.6326136261571991,-0.022741832158872377,Hold
2024-03-08,CRX,62.44,63.93,61.26,61.02,800723,0.0215,-0.29,-0.0228,-0.022741832158872377,-0.023004416358707588,62.589,0.8374624369684281,-0.008849557522124019,Hold
2024-03-11,CRX,61.02,61.64,59.81,60.48,1148885,0.0194,0.076,-0.0088,-0.008849557522124019,-0.008888947417246152,62.325,1.0424890087349166,0.007936507936507908,Hold
2024-03-12,CRX,60.48,62.15,58.98,60.96,1134044,0.0242,-0.067,0.0079,0.007936507936507908,0.007905179507113247,62.025,0.9469864483365747,-0.002788713910761187,Hold
2024-03-13,CRX,60.96,61.48,60.07,60.79,1298629,0.0147,0.267,-0.0028,-0.002788713910761187,-0.002792609617759743,61.760000000000005,0.8750745999943981,-0.0031255140648132063,Hold
2024-03-14,CRX,60.79,61.95,59.89,60.6,753274,0.0209,-0.273,-0.003,-0.0031255140648132063,-0.00313040868536227,61.604000000000006,0.9329785039799661,0.010231023102310166,Hold
2024-03-15,CRX,60.6,61.23,59.83,61.22,1208999,0.0114,0.315,0.0101,0.010231023102310166,0.010179040441997616,61.436,0.8178318218855901,-0.0037569421757595034,Buy
2024-03-18,CRX,61.22,62.21,60.31,60.99,1153936,0.0135,0.22,-0.0037,-0.0037569421757595034,-0.003764017208901438,61.311,0.7757354932935426,0.011641252664371216,Hold
2024-03-19,CRX,60.99,61.71,60.29,61.7,1287264,0.0204,-0.22,0.0117,0.011641252664371216,0.01157401460297718,61.20700000000001,0.6161718735690573,0.027552674230145735,Hold
2024-03-20,CRX,61.7,63.01,60.52,63.4,1429368,0.0264,0.08,0.0275,0.027552674230145735,0.02717993053183798,61.36,0.916066470174295,0.003627760252365997,Hold
2024-03-21,CRX,63.4,64.25,62.43,63.63,1371155,0.0165,0.442,0.0037,0.003627760252365997,0.003621195801520597,61.479,1.1253389612812608,0.009115197234008887,Buy
2024-03-22,CRX,63.63,65.68,62.27,64.21,1096001,0.0375,0.367,0.0091,0.009115197234008887,0.009073904561256006,61.798,1.3995062621430339,0.0017131287961376085,Buy
2024-03-25,CRX,64.21,64.51,63.88,64.32,1139089,0.005,-0.077,0.0018,0.0017131287961376085,0.0017116630647538624,62.181999999999995,1.5193697523789949,0.00015547263681603418,Hold
2024-03-26,CRX,64.32,65.35,63.2,64.33,1185151,0.0211,0.687,0.0,0.00015547263681603418,0.0001554605521981703,62.51899999999999,1.5902931246226168,-0.012124980568941401,Buy
2024-03-27,CRX,64.33,64.55,64.12,63.55,1144927,0.005,-0.066,-0.012,-0.012124980568941401,-0.012199087787445936,62.794999999999995,1.4934319163887635,-0.005350118017309113,Hold
2024-03-28,CRX,63.55,64.7,62.46,63.21,1461110,0.0201,-0.061,-0.0054,-0.005350118017309113,-0.005364481151255607,63.056,1.2800190970796483,-0.0012656225280809341,Hold
2024-03-29,CRX,63.21,64.28,62.54,63.13,997767,0.0182,0.113,-0.0012,-0.0012656225280809341,-0.0012664241046730354,63.247,1.106335793910957,0.011405037224774262,Hold
2024-04-01,CRX,63.13,63.45,62.76,63.85,1046102,0.005,0.031,0.0113,0.011405037224774262,0.011340490099014028,63.533,0.7794164483764037,-0.018324197337509784,Hold
2024-04-02,CRX,63.85,64.52,62.87,62.68,822052,0.0135,-0.12,-0.0183,-0.018324197337509784,-0.018494164990728215,63.63099999999999,0.5516732124482917,-0.004467134652201721,Hold
2024-04-03,CRX,62.68,65.26,60.3,62.4,1602446,0.0353,0.232,-0.0045,-0.004467134652201721,-0.004477142112438159,63.53099999999999,0.6750382705197939,0.004006410256410353,Hold
2024-04-04,CRX,62.4,63.06,61.69,62.65,977242,0.0139,0.043,0.004,0.004006410256410353,0.003998405966695423,63.43300000000001,0.7281185800859349,-0.004948124501197082,Hold
2024-04-05,CRX,62.65,63.23,62.06,62.34,1525109,0.0169,-0.266,-0.0049,-0.004948124501197082,-0.004960407002886237,63.245999999999995,0.7462975277995354,0.012351620147577735,Hold
2024-04-08,CRX,62.34,63.2,61.29,63.11,1473378,0.0183,0.154,0.0124,0.012351620147577735,0.012275961256957072,63.125,0.6438814590691659,0.006971953731579772,Hold
2024-04-09,CRX,63.11,64.13,61.14,63.55,1373254,0.0276,0.062,0.007,0.006971953731579772,0.006947762039314887,63.047000000000004,0.5162912614662134,-0.005822187254130529,Hold
2024-04-10,CRX,63.55,64.22,62.83,63.18,743497,0.0126,0.018,-0.0059,-0.005822187254130529,-0.005839202261523844,63.010000000000005,0.48876260995354115,0.012187401076289905,Hold
2024-04-11,CRX,63.18,65.06,61.48,63.95,1491110,0.0273,-0.588,0.0122,0.012187401076289905,0.012113732650912503,63.084,0.5714348412351876,-0.009382329945269774,Sell
2024-04-12,CRX,63.95,64.79,63.29,63.35,913000,0.0125,0.552,-0.0093,-0.009382329945269774,-0.00942662125770367,63.105999999999995,0.5776042474448854,-0.006156274664561923,Buy
2024-04-15,CRX,63.35,64.78,62.15,62.96,794453,0.0249,0.158,-0.0061,-0.006156274664561923,-0.0061753026580002365,63.016999999999996,0.5154512586071628,0.016359593392630156,Hold
2024-04-16,CRX,62.96,64.04,61.56,63.99,1025742,0.0278,0.476,0.0163,0.016359593392630156,0.01622721704222102,63.148,0.5824049755584692,-0.001719018596655686,Buy
2024-04-17,CRX,63.99,64.94,63.24,63.88,1168456,0.0157,-0.289,-0.0017,-0.001719018596655686,-0.0017204978045571656,63.29600000000001,0.5587724641268288,-0.011427676894176675,Hold
2024-04-18,CRX,63.88,64.64,63.26,63.15,1379247,0.0129,-0.045,-0.0114,-0.011427676894176675,-0.011493474550311664,63.34599999999999,0.5152173219997447,-0.009817893903404595,Hold
2024-04-19,CRX,63.15,63.65,62.32,62.53,1143182,0.0154,0.567,-0.0098,-0.009817893903404595,-0.009866407217293571,63.36500000000001,0.47600770301858925,-0.0031984647369263097,Buy
2024-04-22,CRX,62.53,63.3,60.98,62.33,968382,0.0241,-0.031,-0.0032,-0.0031984647369263097,-0.00320359075844736,63.287,0.5758674616029608,0.0016043638697256224,Hold
2024-04-23,CRX,62.33,63.48,61.38,62.43,1142740,0.0165,-0.541,0.0017,0.0016043638697256224,0.0016030782528934943,63.175,0.6257839527786453,-0.0208233221207752,Sell
2024-04-24,CRX,62.43,62.63,62.15,61.13,1162598,0.0051,-0.462,-0.0208,-0.0208233221207752,-0.021043185033018646,62.970000000000006,0.8997654015228078,0.013741207263209487,Sell
2024-04-25,CRX,61.13,62.11,60.2,61.97,1171350,0.0225,0.472,0.0137,0.013741207263209487,0.013647652933382019,62.772000000000006,0.8777344574400114,0.004679683717927929,Buy
2024-04-26,CRX,61.97,62.5,61.34,62.26,1127106,0.0113,-0.378,0.0047,0.004679683717927929,0.004668768039445895,62.66300000000001,0.8655768789270385,0.023771281721811865,Sell
2024-04-29,CRX,62.26,62.7,61.6,63.74,1044464,0.0089,-0.052,0.0237,0.023771281721811865,0.02349314397572835,62.74100000000001,0.928193586130107,0.011923438970818934,Hold
2024-04-30,CRX,63.74,64.93,62.31,64.5,1795783,0.029,0.088,0.0119,0.011923438970818934,0.011852914812536435,62.79200000000001,1.014448947294243,0.002945736434108559,Hold
2024-05-01,CRX,64.5,65.59,63.45,64.69,794653,0.0143,-0.009,0.0029,0.002945736434108559,0.0029414062541672868,62.873000000000005,1.1360267015640038,0.003400834750347803,Hold
2024-05-02,CRX,64.69,67.26,63.0,64.91,1277288,0.0377,0.08,0.0035,0.003400834750347803,0.0033950649894831375,63.049,1.3071550957878535,0.0044677245416731015,Hold
2024-05-03,CRX,64.91,65.51,64.42,65.2,1079823,0.0083,-0.037,0.0043,0.0044677245416731015,0.0044577738872300775,63.315999999999995,1.4538240761674484,-0.0076687116564416735,Hold
2024-05-06,CRX,65.2,65.78,64.55,64.7,1258491,0.0116,-0.434,-0.0076,-0.0076687116564416735,-0.007698267425752344,63.553,1.4683327657962226,-0.0012364760432765909,Sell
2024-05-07,CRX,64.7,65.86,63.69,64.62,1453137,0.0173,0.815,-0.0012,-0.0012364760432765909,-0.0012372411105026127,63.772000000000006,1.4453665432837801,0.011142061281337101,Buy
2024-05-08,CRX,64.62,65.61,63.53,65.34,1147646,0.018,0.35,0.0112,0.011142061281337101,0.011080445776571959,64.193,1.1788794114184447,0.012702785430058094,Buy
2024-05-09,CRX,65.34,66.03,64.53,66.17,1399732,0.0176,0.587,0.0127,0.012702785430058094,0.012622781851043945,64.61300000000001,1.0387283892655843,-0.005591657850989917,Buy
2024-05-10,CRX,66.17,67.31,65.68,65.8,941708,0.0147,0.344,-0.0057,-0.005591657850989917,-0.005607349692696636,64.967,0.6936065166934233,0.007294832826747699,Buy
2024-05-13,CRX,65.8,66.93,63.87,66.28,1418095,0.0286,-0.161,0.0073,0.007294832826747699,0.007268354227090624,65.221,0.6585413173569558,0.005431502715751435,Hold
2024-05-14,CRX,66.28,68.24,65.1,66.64,1472349,0.0318,0.209,0.0054,0.005431502715751435,0.005416805300225164,65.435,0.7407841190999342,-0.016356542617046888,Hold
2024-05-15,CRX,66.64,67.36,65.66,65.55,804721,0.0198,-0.246,-0.0163,-0.016356542617046888,-0.016491787648878473,65.521,0.6930680582258005,0.006712433257055617,Hold
2024-05-16,CRX,65.55,66.42,64.88,65.99,1193687,0.0187,0.032,0.0067,0.006712433257055617,0.006690005185621342,65.629,0.6710762500140165,0.002121533565691891,Hold
2024-05-17,CRX,65.99,66.72,64.96,66.13,1157286,0.02,0.437,0.0022,0.002121533565691891,0.0021192862912408684,65.72200000000001,0.6694574918042745,-0.006351126568879484,Buy
2024-05-20,CRX,66.13,67.07,65.49,65.71,1319829,0.0124,-0.299,-0.0064,-0.006351126568879484,-0.00637138077679451,65.823,0.5663930712064221,-0.0009131030284581509,Hold
2024-05-21,CRX,65.71,67.35,63.66,65.65,874028,0.0263,-0.084,-0.001,-0.0009131030284581509,-0.0009135201609710788,65.926,0.38927853495576337,0.00274181264280271,Hold
2024-05-22,CRX,65.65,68.01,63.85,65.83,1094624,0.032,-0.496,0.0029,0.00274181264280271,0.002738060730980109,65.975,0.33427367363945293,0.003797660641045031,Sell
2024-05-23,CRX,65.83,66.29,65.52,66.08,931970,0.0071,0.656,0.0037,0.003797660641045031,0.003790467732937206,65.966,0.3296193090345521,0.014679176755447942,Buy
2024-05-24,CRX,66.08,67.54,65.06,67.05,1315371,0.0256,0.253,0.0147,0.014679176755447942,0.014572480514964906,66.091,0.4677475577459512,-0.0002982848620431966,Hold
2024-05-27,CRX,67.05,68.2,65.23,67.03,816359,0.0289,-0.222,-0.0002,-0.0002982848620431966,-0.0002983293578211566,66.166,0.553658538972624,-0.010144711323288202,Hold
2024-05-28,CRX,67.03,67.77,65.56,66.35,1431054,0.0202,-0.188,-0.0102,-0.010144711323288202,-0.010196519591649926,66.137,0.5332927067855271,-0.007837226827430266,Hold
2024-05-29,CRX,66.35,67.78,64.09,65.83,1240899,0.0313,-0.258,-0.0078,-0.007837226827430266,-0.007868099298431153,66.16499999999999,0.5056843547769581,0.010633449794926308,Hold
2024-05-30,CRX,65.83,66.83,65.16,66.53,1097443,0.0134,0.308,0.0106,0.010633449794926308,0.010577312274010797,66.219,0.5136892705383163,-0.012776191191943398,Buy
2024-05-31,CRX,66.53,69.16,65.2,65.68,1836852,0.0398,-0.02,-0.0128,-0.012776191191943398,-0.012858508609623278,66.174,0.5413193758458933,0.0013702801461630276,Hold
2024-06-03,CRX,65.68,66.48,64.77,65.77,1161194,0.0118,0.157,0.0015,0.0013702801461630276,0.00136934216908668,66.18,0.5359104402785231,-0.0028888551011099217,Hold
2024-06-04,CRX,65.77,67.69,64.7,65.58,1358945,0.0306,-0.317,-0.003,-0.0028888551011099217,-0.002893035896757449,66.173,0.543998570259119,0.0009149130832570851,Sell
2024-06-05,CRX,65.58,66.59,64.78,65.64,514777,0.0188,0.122,0.0009,0.0009149130832570851,0.0009144948053879489,66.154,0.5603808228929567,-0.003503960999390654,Hold
2024-06-06,CRX,65.64,66.06,65.39,65.41,1319788,0.0058,-0.421,-0.0035,-0.003503960999390654,-0.003510114248768813,66.087,0.6082223643076305,0.0038220455587829605,Sell
2024-06-07,CRX,65.41,68.02,62.92,65.66,1333368,0.041,-0.111,0.0039,0.0038220455587829605,0.003814760100325138,65.94800000000001,0.5154458695575724,0.008224185196466838,Hold
2024-06-10,CRX,65.66,66.41,64.67,66.2,1453451,0.0158,-0.223,0.0082,0.008224185196466838,0.008190550869516105,65.86500000000001,0.3674310214925674,-0.00015105740181275973,Hold
2024-06-11,CRX,66.2,66.77,65.58,66.19,1167081,0.0124,0.464,-0.0001,-0.00015105740181275973,-0.00015106881213117077,65.849,0.34687333583114677,-0.011784257440700996,Buy
2024-06-12,CRX,66.19,66.91,65.37,65.41,842194,0.0212,-0.523,-0.0119,-0.011784257440700996,-0.011854242157710037,65.80699999999999,0.3738107067005437,-0.023696682464454888,Sell
2024-06-13,CRX,65.41,65.71,65.24,63.86,1213585,0.005,-0.065,-0.0237,-0.023696682464454888,-0.023981964686485325,65.53999999999999,0.6508797465307669,0.0029752583777011843,Hold
2024-06-14,CRX,63.86,64.75,62.55,64.05,1678447,0.0196,0.161,0.003,0.0029752583777011843,0.0029708410561072565,65.377,0.7991391201366903,0.0024980483996877023,Hold
2024-06-17,CRX,64.05,65.6,62.88,64.21,1290353,0.0355,0.036,0.0025,0.0024980483996877023,0.0024949334632137095,65.22099999999999,0.8635643191638033,0.003581996573742474,Hold
2024-06-18,CRX,64.21,64.82,63.8,64.44,639090,0.0126,0.294,0.0036,0.003581996573742474,0.0035755965028166927,65.107,0.8858649257455524,0.007914338919925656,Hold
2024-06-19,CRX,64.44,64.78,64.11,64.95,1207592,0.0065,0.297,0.0079,0.007914338919925656,0.007883184807835059,65.038,0.8663948291624926,-0.007698229407236301,Hold
2024-06-20,CRX,64.95,65.94,63.74,64.45,1006355,0.0182,-0.119,-0.0077,-0.007698229407236301,-0.0077280137314121155,64.942,0.8737505364802388,0.00046547711404199,Hold
2024-06-21,CRX,64.45,65.14,63.49,64.48,1324342,0.0196,-0.209,0.0006,0.00046547711404199,0.00046536881317655443,64.824,0.8452244935187053,-0.009770471464019881,Hold
2024-06-24,CRX,64.48,65.43,63.67,63.85,1217483,0.014,-0.199,-0.0098,-0.009770471464019881,-0.009818515719824584,64.589,0.7403220020141106,0.016444792482380732,Hold
2024-06-25,CRX,63.85,64.86,63.14,64.9,861086,0.0163,0.098,0.0165,0.016444792482380732,0.016311041231496164,64.46000000000001,0.5055030497760156,-0.017411402157164857,Hold
2024-06-26,CRX,64.9,66.19,63.76,63.77,1114453,0.0176,0.192,-0.0175,-0.017411402157164857,-0.01756476338286404,64.296,0.4222216374259305,0.005645287752861661,Hold
2024-06-27,CRX,63.77,64.56,62.77,64.13,1193386,0.0184,-0.327,0.0057,0.005645287752861661,0.0056294128335911105,64.32300000000001,0.39925068705092265,-0.005925463901450101,Sell
